{"mt": {"News": 0.6923076923076923, "Opinion/Argumentation": 0.33333333333333326, "Instruction": 0.6896551724137931, "Information/Explanation": 0.5217391304347826, "Promotion": 0.8181818181818182, "Forum": 0.18181818181818182, "Prose/Lyrical": 0.18181818181818182}, "el": {"Instruction": 0.7058823529411764, "Forum": 0.9523809523809523, "Opinion/Argumentation": 0.8695652173913044, "Prose/Lyrical": 1.0, "Legal": 1.0, "Promotion": 0.625, "News": 0.9, "Information/Explanation": 0.6956521739130435}, "tr": {"Instruction": 0.9, "Legal": 1.0, "Opinion/Argumentation": 0.8181818181818182, "Forum": 0.888888888888889, "News": 0.9523809523809523, "Information/Explanation": 0.8235294117647058, "Prose/Lyrical": 0.9523809523809523, "Promotion": 0.8571428571428572}, "sq": {"Opinion/Argumentation": 0.6666666666666666, "Legal": 0.9473684210526316, "News": 0.888888888888889, "Prose/Lyrical": 0.8571428571428572, "Forum": 0.7777777777777777, "Information/Explanation": 0.8, "Promotion": 0.9473684210526316, "Instruction": 0.9473684210526316}, "is": {"Information/Explanation": 0.5, "Opinion/Argumentation": 0.8181818181818182, "Forum": 0.9473684210526316, "Prose/Lyrical": 1.0, "Instruction": 0.7777777777777777, "Legal": 0.8421052631578948, "Promotion": 0.75, "News": 0.7272727272727272}, "uk": {"Instruction": 0.9523809523809523, "Prose/Lyrical": 1.0, "Forum": 0.9473684210526316, "Promotion": 0.7777777777777777, "Legal": 1.0, "Opinion/Argumentation": 0.9090909090909091, "News": 1.0, "Information/Explanation": 1.0}, "ca": {"Forum": 0.8421052631578948, "Information/Explanation": 0.7200000000000001, "Instruction": 0.7499999999999999, "Legal": 0.9473684210526316, "Prose/Lyrical": 0.9090909090909091, "Opinion/Argumentation": 0.8421052631578948, "News": 0.8235294117647058, "Promotion": 0.7826086956521738}, "mk": {"Forum": 1.0, "News": 0.9090909090909091, "Instruction": 1.0, "Promotion": 0.9523809523809523, "Prose/Lyrical": 0.9523809523809523, "Opinion/Argumentation": 0.7777777777777777, "Legal": 0.9473684210526316, "Information/Explanation": 0.8421052631578948}, "hr": {"Promotion": 0.8695652173913044, "Information/Explanation": 0.9523809523809523, "Prose/Lyrical": 0.8571428571428572, "Forum": 0.9090909090909091, "Opinion/Argumentation": 0.7777777777777777, "Legal": 1.0, "News": 0.9473684210526316, "Instruction": 0.7499999999999999}, "sl": {"News": 0.9, "Instruction": 1.0, "Opinion/Argumentation": 0.8235294117647058, "Promotion": 1.0, "Legal": 0.9523809523809523, "Information/Explanation": 0.9, "Prose/Lyrical": 0.9090909090909091, "Forum": 1.0}}